2024-08-01T00:00:00.000Z;1,07
2024-08-01T06:00:00.000Z;1,10
2024-08-01T12:00:00.000Z;1,13
2024-08-01T18:00:00.000Z;1,16
2024-08-02T00:00:00.000Z;1,20
2024-08-02T06:00:00.000Z;1,23
2024-08-02T12:00:00.000Z;1,27
2024-08-02T18:00:00.000Z;1,29
2024-08-03T00:00:00.000Z;1,32
2024-08-03T06:00:00.000Z;1,34
2024-08-03T12:00:00.000Z;1,35
2024-08-03T18:00:00.000Z;1,34
2024-08-04T00:00:00.000Z;1,37
2024-08-04T06:00:00.000Z;1,40
2024-08-04T12:00:00.000Z;1,40
2024-08-04T18:00:00.000Z;1,39
2024-08-05T00:00:00.000Z;1,33
2024-08-05T06:00:00.000Z;1,29
2024-08-05T12:00:00.000Z;1,23
2024-08-05T18:00:00.000Z;1,16
2024-08-06T00:00:00.000Z;1,09
2024-08-06T06:00:00.000Z;1,03
2024-08-06T12:00:00.000Z;0,97
2024-08-06T18:00:00.000Z;0,93
2024-08-07T00:00:00.000Z;0,91
2024-08-07T06:00:00.000Z;0,93
2024-08-07T12:00:00.000Z;0,98
2024-08-07T18:00:00.000Z;1,03
2024-08-08T00:00:00.000Z;1,07
2024-08-08T06:00:00.000Z;1,10
2024-08-08T12:00:00.000Z;1,14
2024-08-08T18:00:00.000Z;1,18
2024-08-09T00:00:00.000Z;1,21
2024-08-09T06:00:00.000Z;1,27
2024-08-09T12:00:00.000Z;1,29
2024-08-09T18:00:00.000Z;1,31
2024-08-10T00:00:00.000Z;1,35
2024-08-10T06:00:00.000Z;1,36
2024-08-10T12:00:00.000Z;1,37
2024-08-10T18:00:00.000Z;1,38
2024-08-11T00:00:00.000Z;1,39
2024-08-11T06:00:00.000Z;1,39
2024-08-11T12:00:00.000Z;1,37
2024-08-11T18:00:00.000Z;1,32
2024-08-12T00:00:00.000Z;1,27
2024-08-12T06:00:00.000Z;1,21
2024-08-12T12:00:00.000Z;1,15
2024-08-12T18:00:00.000Z;1,07
2024-08-13T00:00:00.000Z;1,01
2024-08-13T06:00:00.000Z;0,95
2024-08-13T12:00:00.000Z;0,90
2024-08-13T18:00:00.000Z;0,84
2024-08-14T00:00:00.000Z;0,82
2024-08-14T06:00:00.000Z;0,82
2024-08-14T12:00:00.000Z;0,83
2024-08-14T18:00:00.000Z;0,84
2024-08-15T00:00:00.000Z;0,85
2024-08-15T06:00:00.000Z;0,87
2024-08-15T12:00:00.000Z;0,89
2024-08-15T18:00:00.000Z;0,91
2024-08-16T00:00:00.000Z;0,92
2024-08-16T06:00:00.000Z;0,94
2024-08-16T12:00:00.000Z;0,96
2024-08-16T18:00:00.000Z;0,97
2024-08-17T00:00:00.000Z;0,99
2024-08-17T06:00:00.000Z;1,01
2024-08-17T12:00:00.000Z;1,02
2024-08-17T18:00:00.000Z;1,04
2024-08-18T00:00:00.000Z;1,06
2024-08-18T06:00:00.000Z;1,07
2024-08-18T12:00:00.000Z;1,07
2024-08-18T18:00:00.000Z;1,04
2024-08-19T00:00:00.000Z;1,00
2024-08-19T06:00:00.000Z;0,95
2024-08-19T12:00:00.000Z;0,89
2024-08-19T18:00:00.000Z;0,84
2024-08-20T00:00:00.000Z;0,78
2024-08-20T06:00:00.000Z;0,74
2024-08-20T12:00:00.000Z;0,70
2024-08-20T18:00:00.000Z;0,67
2024-08-21T00:00:00.000Z;0,66
2024-08-21T06:00:00.000Z;0,66
2024-08-21T12:00:00.000Z;0,68
2024-08-21T18:00:00.000Z;0,70
2024-08-22T00:00:00.000Z;0,72
2024-08-22T06:00:00.000Z;0,77
2024-08-22T12:00:00.000Z;0,83
2024-08-22T18:00:00.000Z;0,83
2024-08-23T00:00:00.000Z;0,85
2024-08-23T06:00:00.000Z;0,87
2024-08-23T12:00:00.000Z;0,89
2024-08-23T18:00:00.000Z;0,94
2024-08-24T00:00:00.000Z;1,00
2024-08-24T06:00:00.000Z;1,04
2024-08-24T12:00:00.000Z;1,07
2024-08-24T18:00:00.000Z;1,08
2024-08-25T00:00:00.000Z;1,11
2024-08-25T06:00:00.000Z;1,13
2024-08-25T12:00:00.000Z;1,14
2024-08-25T18:00:00.000Z;1,13
2024-08-26T00:00:00.000Z;1,12
2024-08-26T06:00:00.000Z;1,08
2024-08-26T12:00:00.000Z;1,04
2024-08-26T18:00:00.000Z;0,98
2024-08-27T00:00:00.000Z;0,94
2024-08-27T06:00:00.000Z;0,88
2024-08-27T12:00:00.000Z;0,83
2024-08-27T18:00:00.000Z;0,77
2024-08-28T00:00:00.000Z;0,74
2024-08-28T06:00:00.000Z;0,71
2024-08-28T12:00:00.000Z;0,72
2024-08-28T18:00:00.000Z;0,71
2024-08-29T00:00:00.000Z;0,72
2024-08-29T06:00:00.000Z;0,73
2024-08-29T12:00:00.000Z;0,76
2024-08-29T18:00:00.000Z;0,78
2024-08-30T00:00:00.000Z;0,81
2024-08-30T06:00:00.000Z;0,84
2024-08-30T12:00:00.000Z;0,87
2024-08-30T18:00:00.000Z;0,91
2024-08-31T00:00:00.000Z;0,95
2024-08-31T06:00:00.000Z;1,00
2024-08-31T12:00:00.000Z;1,03
2024-08-31T18:00:00.000Z;1,06
2024-09-01T00:00:00.000Z;1,09
2024-09-01T06:00:00.000Z;1,11
2024-09-01T12:00:00.000Z;1,11
2024-09-01T18:00:00.000Z;1,09
2024-09-02T00:00:00.000Z;1,06
2024-09-02T06:00:00.000Z;1,02
2024-09-02T12:00:00.000Z;0,97
2024-09-02T18:00:00.000Z;0,92
2024-09-03T00:00:00.000Z;0,87
2024-09-03T06:00:00.000Z;0,83
2024-09-03T12:00:00.000Z;0,79
2024-09-03T18:00:00.000Z;0,75
2024-09-04T00:00:00.000Z;0,73
2024-09-04T06:00:00.000Z;0,72
2024-09-04T12:00:00.000Z;0,72
2024-09-04T18:00:00.000Z;0,72
2024-09-05T00:00:00.000Z;0,71
2024-09-05T06:00:00.000Z;0,71
2024-09-05T12:00:00.000Z;0,71
2024-09-05T18:00:00.000Z;0,71
2024-09-06T00:00:00.000Z;0,73
2024-09-06T06:00:00.000Z;0,75
2024-09-06T12:00:00.000Z;0,78
2024-09-06T18:00:00.000Z;0,82
2024-09-07T00:00:00.000Z;0,88
2024-09-07T06:00:00.000Z;0,92
2024-09-07T12:00:00.000Z;0,95
2024-09-07T18:00:00.000Z;0,96
2024-09-08T00:00:00.000Z;0,98
2024-09-08T06:00:00.000Z;1,00
2024-09-08T12:00:00.000Z;1,00
2024-09-08T18:00:00.000Z;0,98
2024-09-09T00:00:00.000Z;0,95
2024-09-09T06:00:00.000Z;0,92
2024-09-09T12:00:00.000Z;0,88
2024-09-09T18:00:00.000Z;0,82
2024-09-10T00:00:00.000Z;0,77
2024-09-10T06:00:00.000Z;0,71
2024-09-10T12:00:00.000Z;0,66
2024-09-10T18:00:00.000Z;0,61
2024-09-11T00:00:00.000Z;0,57
2024-09-11T06:00:00.000Z;0,56
2024-09-11T12:00:00.000Z;0,55
2024-09-11T18:00:00.000Z;0,54
2024-09-12T00:00:00.000Z;0,56
2024-09-12T06:00:00.000Z;0,55
2024-09-12T12:00:00.000Z;0,56
2024-09-12T18:00:00.000Z;0,55
2024-09-13T00:00:00.000Z;0,57
2024-09-13T06:00:00.000Z;0,58
2024-09-13T12:00:00.000Z;0,62
2024-09-13T18:00:00.000Z;0,64
2024-09-14T00:00:00.000Z;0,69
2024-09-14T06:00:00.000Z;0,74
2024-09-14T12:00:00.000Z;0,77
2024-09-14T18:00:00.000Z;0,79
2024-09-15T00:00:00.000Z;0,82
2024-09-15T06:00:00.000Z;0,85
2024-09-15T12:00:00.000Z;0,85
2024-09-15T18:00:00.000Z;0,85
2024-09-16T00:00:00.000Z;0,84
2024-09-16T06:00:00.000Z;0,80
2024-09-16T12:00:00.000Z;0,74
2024-09-16T18:00:00.000Z;0,66
2024-09-17T00:00:00.000Z;0,60
2024-09-17T06:00:00.000Z;0,54
2024-09-17T12:00:00.000Z;0,48
2024-09-17T18:00:00.000Z;0,44
2024-09-18T00:00:00.000Z;0,41
2024-09-18T06:00:00.000Z;0,40
2024-09-18T12:00:00.000Z;0,40
2024-09-18T18:00:00.000Z;0,40
2024-09-19T00:00:00.000Z;0,39
2024-09-19T06:00:00.000Z;0,40
2024-09-19T12:00:00.000Z;0,40
2024-09-19T18:00:00.000Z;0,42
2024-09-20T00:00:00.000Z;0,47
2024-09-20T06:00:00.000Z;0,53
2024-09-20T12:00:00.000Z;0,55
2024-09-20T18:00:00.000Z;0,59
2024-09-21T00:00:00.000Z;0,63
2024-09-21T06:00:00.000Z;0,68
2024-09-21T12:00:00.000Z;0,71
2024-09-21T18:00:00.000Z;0,73
2024-09-22T00:00:00.000Z;0,77
2024-09-22T06:00:00.000Z;0,80
2024-09-22T12:00:00.000Z;0,79
2024-09-22T18:00:00.000Z;0,77
2024-09-23T00:00:00.000Z;0,74
2024-09-23T06:00:00.000Z;0,70
2024-09-23T12:00:00.000Z;0,65
2024-09-23T18:00:00.000Z;0,59
2024-09-24T00:00:00.000Z;0,54
2024-09-24T06:00:00.000Z;0,49
2024-09-24T12:00:00.000Z;0,43
2024-09-24T18:00:00.000Z;0,40
2024-09-25T00:00:00.000Z;0,38
2024-09-25T06:00:00.000Z;0,38
2024-09-25T12:00:00.000Z;0,38
2024-09-25T18:00:00.000Z;0,39
2024-09-26T00:00:00.000Z;0,41
2024-09-26T06:00:00.000Z;0,44
2024-09-26T12:00:00.000Z;0,49
2024-09-26T18:00:00.000Z;0,53
2024-09-27T00:00:00.000Z;0,57
2024-09-27T06:00:00.000Z;0,62
2024-09-27T12:00:00.000Z;0,68
2024-09-27T18:00:00.000Z;0,73
2024-09-28T00:00:00.000Z;0,80
2024-09-28T06:00:00.000Z;0,85
2024-09-28T12:00:00.000Z;0,89
2024-09-28T18:00:00.000Z;0,93
2024-09-29T00:00:00.000Z;0,97
2024-09-29T06:00:00.000Z;1,02
2024-09-29T12:00:00.000Z;1,04
2024-09-29T18:00:00.000Z;1,05
2024-09-30T00:00:00.000Z;1,03
2024-09-30T06:00:00.000Z;1,01
2024-09-30T12:00:00.000Z;0,96
2024-09-30T18:00:00.000Z;0,90
2024-10-01T00:00:00.000Z;0,87
2024-10-01T06:00:00.000Z;0,83
2024-10-01T12:00:00.000Z;0,80
2024-10-01T18:00:00.000Z;0,79
2024-10-02T00:00:00.000Z;0,84
2024-10-02T06:00:00.000Z;0,88
2024-10-02T12:00:00.000Z;0,91
2024-10-02T18:00:00.000Z;0,95
2024-10-03T00:00:00.000Z;0,98
2024-10-03T06:00:00.000Z;0,99
2024-10-03T12:00:00.000Z;1,00
2024-10-03T18:00:00.000Z;1,02
2024-10-04T00:00:00.000Z;1,04
2024-10-04T06:00:00.000Z;1,06
2024-10-04T12:00:00.000Z;1,06
2024-10-04T18:00:00.000Z;1,05
2024-10-05T00:00:00.000Z;1,07
2024-10-05T06:00:00.000Z;1,09
2024-10-05T12:00:00.000Z;1,10
2024-10-05T18:00:00.000Z;1,12
2024-10-06T00:00:00.000Z;1,15
2024-10-06T06:00:00.000Z;1,18
2024-10-06T12:00:00.000Z;1,18
2024-10-06T18:00:00.000Z;1,15
2024-10-07T00:00:00.000Z;1,11
2024-10-07T06:00:00.000Z;1,06
2024-10-07T12:00:00.000Z;0,99
2024-10-07T18:00:00.000Z;0,92
2024-10-08T00:00:00.000Z;0,83
2024-10-08T06:00:00.000Z;0,76
2024-10-08T12:00:00.000Z;0,67
2024-10-08T18:00:00.000Z;0,60
2024-10-09T00:00:00.000Z;0,55
2024-10-09T06:00:00.000Z;0,54
2024-10-09T12:00:00.000Z;0,54
2024-10-09T18:00:00.000Z;0,56
2024-10-10T00:00:00.000Z;0,60
2024-10-10T06:00:00.000Z;0,66
2024-10-10T12:00:00.000Z;0,72
2024-10-10T18:00:00.000Z;0,78
2024-10-11T00:00:00.000Z;0,87
2024-10-11T06:00:00.000Z;0,93
2024-10-11T12:00:00.000Z;0,99
2024-10-11T18:00:00.000Z;1,03
2024-10-12T00:00:00.000Z;1,10
2024-10-12T06:00:00.000Z;1,15
2024-10-12T12:00:00.000Z;1,17
2024-10-12T18:00:00.000Z;1,16
2024-10-13T00:00:00.000Z;1,16
2024-10-13T06:00:00.000Z;1,15
2024-10-13T12:00:00.000Z;1,11
2024-10-13T18:00:00.000Z;1,07
2024-10-14T00:00:00.000Z;1,02
2024-10-14T06:00:00.000Z;0,96
2024-10-14T12:00:00.000Z;0,90
2024-10-14T18:00:00.000Z;0,85
2024-10-15T00:00:00.000Z;0,78
2024-10-15T06:00:00.000Z;0,72
2024-10-15T12:00:00.000Z;0,67
2024-10-15T18:00:00.000Z;0,62
2024-10-16T00:00:00.000Z;0,60
2024-10-16T06:00:00.000Z;0,59
2024-10-16T12:00:00.000Z;0,59
2024-10-16T18:00:00.000Z;0,61
2024-10-17T00:00:00.000Z;0,65
2024-10-17T06:00:00.000Z;0,67
2024-10-17T12:00:00.000Z;0,69
2024-10-17T18:00:00.000Z;0,69
2024-10-18T00:00:00.000Z;0,69
2024-10-18T06:00:00.000Z;0,73
2024-10-18T12:00:00.000Z;0,73
2024-10-18T18:00:00.000Z;0,73
2024-10-19T00:00:00.000Z;0,76
2024-10-19T06:00:00.000Z;0,80
2024-10-19T12:00:00.000Z;0,83
2024-10-19T18:00:00.000Z;0,88
2024-10-20T00:00:00.000Z;0,95
2024-10-20T06:00:00.000Z;1,00
2024-10-20T12:00:00.000Z;1,00
2024-10-20T18:00:00.000Z;1,00
2024-10-21T00:00:00.000Z;0,98
2024-10-21T06:00:00.000Z;0,96
2024-10-21T12:00:00.000Z;0,91
2024-10-21T18:00:00.000Z;0,86
2024-10-22T00:00:00.000Z;0,82
2024-10-22T06:00:00.000Z;0,77
2024-10-22T12:00:00.000Z;0,72
2024-10-22T18:00:00.000Z;0,70
2024-10-23T00:00:00.000Z;0,72
2024-10-23T06:00:00.000Z;0,77
2024-10-23T12:00:00.000Z;0,83
2024-10-23T18:00:00.000Z;0,87
2024-10-24T00:00:00.000Z;0,95
2024-10-24T06:00:00.000Z;0,97
2024-10-24T12:00:00.000Z;0,99
2024-10-24T18:00:00.000Z;1,00
2024-10-25T00:00:00.000Z;1,02
2024-10-25T06:00:00.000Z;1,05
2024-10-25T12:00:00.000Z;1,06
2024-10-25T18:00:00.000Z;1,06
2024-10-26T00:00:00.000Z;1,05
2024-10-26T06:00:00.000Z;1,04
2024-10-26T12:00:00.000Z;0,99
2024-10-26T18:00:00.000Z;0,92
2024-10-27T00:00:00.000Z;0,86
2024-10-27T06:00:00.000Z;0,82
2024-10-27T12:00:00.000Z;0,77
2024-10-27T18:00:00.000Z;0,73
2024-10-28T00:00:00.000Z;0,69
2024-10-28T06:00:00.000Z;0,65
2024-10-28T12:00:00.000Z;0,63
2024-10-28T18:00:00.000Z;0,60
2024-10-29T00:00:00.000Z;0,57
2024-10-29T06:00:00.000Z;0,55
2024-10-29T12:00:00.000Z;0,52
2024-10-29T18:00:00.000Z;0,50
2024-10-30T00:00:00.000Z;0,52
2024-10-30T06:00:00.000Z;0,56
2024-10-30T12:00:00.000Z;0,62
2024-10-30T18:00:00.000Z;0,69
2024-10-31T00:00:00.000Z;0,78
2024-10-31T06:00:00.000Z;0,85
2024-10-31T12:00:00.000Z;0,89
2024-10-31T18:00:00.000Z;0,90
2024-11-01T00:00:00.000Z;0,92
2024-11-01T06:00:00.000Z;0,92
2024-11-01T12:00:00.000Z;0,92
2024-11-01T18:00:00.000Z;0,92
2024-11-02T00:00:00.000Z;0,92
2024-11-02T06:00:00.000Z;0,90
2024-11-02T12:00:00.000Z;0,89
2024-11-02T18:00:00.000Z;0,87
2024-11-03T00:00:00.000Z;0,86
2024-11-03T06:00:00.000Z;0,86
2024-11-03T12:00:00.000Z;0,85
2024-11-03T18:00:00.000Z;0,82
2024-11-04T00:00:00.000Z;0,80
2024-11-04T06:00:00.000Z;0,77
2024-11-04T12:00:00.000Z;0,72
2024-11-04T18:00:00.000Z;0,65
2024-11-05T00:00:00.000Z;0,59
2024-11-05T06:00:00.000Z;0,54
2024-11-05T12:00:00.000Z;0,49
2024-11-05T18:00:00.000Z;0,46
2024-11-06T00:00:00.000Z;0,44
2024-11-06T06:00:00.000Z;0,44
2024-11-06T12:00:00.000Z;0,45
2024-11-06T18:00:00.000Z;0,47
2024-11-07T00:00:00.000Z;0,52
2024-11-07T06:00:00.000Z;0,55
2024-11-07T12:00:00.000Z;0,60
2024-11-07T18:00:00.000Z;0,62
2024-11-08T00:00:00.000Z;0,68
2024-11-08T06:00:00.000Z;0,72
2024-11-08T12:00:00.000Z;0,77
2024-11-08T18:00:00.000Z;0,79
2024-11-09T00:00:00.000Z;0,84
2024-11-09T06:00:00.000Z;0,86
2024-11-09T12:00:00.000Z;0,86
2024-11-09T18:00:00.000Z;0,86
2024-11-10T00:00:00.000Z;0,89
2024-11-10T06:00:00.000Z;0,92
2024-11-10T12:00:00.000Z;0,92
2024-11-10T18:00:00.000Z;0,92
2024-11-11T00:00:00.000Z;0,92
2024-11-11T06:00:00.000Z;0,90
2024-11-11T12:00:00.000Z;0,86
2024-11-11T18:00:00.000Z;0,85
2024-11-12T00:00:00.000Z;0,78
2024-11-12T06:00:00.000Z;0,72
2024-11-12T12:00:00.000Z;0,68
2024-11-12T18:00:00.000Z;0,67
2024-11-13T00:00:00.000Z;0,69
2024-11-13T06:00:00.000Z;0,70
2024-11-13T12:00:00.000Z;0,72
2024-11-13T18:00:00.000Z;0,76
2024-11-14T00:00:00.000Z;0,82
2024-11-14T06:00:00.000Z;0,88
2024-11-14T12:00:00.000Z;0,92
2024-11-14T18:00:00.000Z;0,95
2024-11-15T00:00:00.000Z;1,00
2024-11-15T06:00:00.000Z;1,03
2024-11-15T12:00:00.000Z;1,03
2024-11-15T18:00:00.000Z;1,04
2024-11-16T00:00:00.000Z;1,07
2024-11-16T06:00:00.000Z;1,08
2024-11-16T12:00:00.000Z;1,07
2024-11-16T18:00:00.000Z;1,07
2024-11-17T00:00:00.000Z;1,09
2024-11-17T06:00:00.000Z;1,08
2024-11-17T12:00:00.000Z;1,06
2024-11-17T18:00:00.000Z;1,07
2024-11-18T00:00:00.000Z;1,05
2024-11-18T06:00:00.000Z;1,03
2024-11-18T12:00:00.000Z;1,02
2024-11-18T18:00:00.000Z;1,00
2024-11-19T00:00:00.000Z;1,00
2024-11-19T06:00:00.000Z;1,00
2024-11-19T12:00:00.000Z;0,99
2024-11-19T18:00:00.000Z;0,97
2024-11-20T00:00:00.000Z;0,96
2024-11-20T06:00:00.000Z;0,95
2024-11-20T12:00:00.000Z;0,92
2024-11-20T18:00:00.000Z;0,89
2024-11-21T00:00:00.000Z;0,87
2024-11-21T06:00:00.000Z;0,86
2024-11-21T12:00:00.000Z;0,86
2024-11-21T18:00:00.000Z;0,87
2024-11-22T00:00:00.000Z;0,92
2024-11-22T06:00:00.000Z;0,98
2024-11-22T12:00:00.000Z;1,04
2024-11-22T18:00:00.000Z;1,10
2024-11-23T00:00:00.000Z;1,17
2024-11-23T06:00:00.000Z;1,21
2024-11-23T12:00:00.000Z;1,24
2024-11-23T18:00:00.000Z;1,26
2024-11-24T00:00:00.000Z;1,30
2024-11-24T06:00:00.000Z;1,31
2024-11-24T12:00:00.000Z;1,28
2024-11-24T18:00:00.000Z;1,24
2024-11-25T00:00:00.000Z;1,22
2024-11-25T06:00:00.000Z;1,16
2024-11-25T12:00:00.000Z;1,09
2024-11-25T18:00:00.000Z;1,04
2024-11-26T00:00:00.000Z;1,04
2024-11-26T06:00:00.000Z;1,04
2024-11-26T12:00:00.000Z;1,08
2024-11-26T18:00:00.000Z;1,14
2024-11-27T00:00:00.000Z;1,18
2024-11-27T06:00:00.000Z;1,22
2024-11-27T12:00:00.000Z;1,23
2024-11-27T18:00:00.000Z;1,24
2024-11-28T00:00:00.000Z;1,26
2024-11-28T06:00:00.000Z;1,27
2024-11-28T12:00:00.000Z;1,30
2024-11-28T18:00:00.000Z;1,34
2024-11-29T00:00:00.000Z;1,35
2024-11-29T06:00:00.000Z;1,38
2024-11-29T12:00:00.000Z;1,39
2024-11-29T18:00:00.000Z;1,41
2024-11-30T00:00:00.000Z;1,45
2024-11-30T06:00:00.000Z;1,48
2024-11-30T12:00:00.000Z;1,51
2024-11-30T18:00:00.000Z;1,55
2024-12-01T00:00:00.000Z;1,59
2024-12-01T06:00:00.000Z;1,64
2024-12-01T12:00:00.000Z;1,66
2024-12-01T18:00:00.000Z;1,67
2024-12-02T00:00:00.000Z;1,71
2024-12-02T06:00:00.000Z;1,74
2024-12-02T12:00:00.000Z;1,75
2024-12-02T18:00:00.000Z;1,75
2024-12-03T00:00:00.000Z;1,77
2024-12-03T06:00:00.000Z;1,77
2024-12-03T12:00:00.000Z;1,78
2024-12-03T18:00:00.000Z;1,79
2024-12-04T00:00:00.000Z;1,80
2024-12-04T06:00:00.000Z;1,81
2024-12-04T12:00:00.000Z;1,81
2024-12-04T18:00:00.000Z;1,82
2024-12-05T00:00:00.000Z;1,86
2024-12-05T06:00:00.000Z;1,91
2024-12-05T12:00:00.000Z;1,97
2024-12-05T18:00:00.000Z;2,05
2024-12-06T00:00:00.000Z;2,13
2024-12-06T06:00:00.000Z;2,21
2024-12-06T12:00:00.000Z;2,25
2024-12-06T18:00:00.000Z;2,31
2024-12-07T00:00:00.000Z;2,37
2024-12-07T06:00:00.000Z;2,42
2024-12-07T12:00:00.000Z;2,47
2024-12-07T18:00:00.000Z;2,55
2024-12-08T00:00:00.000Z;2,60
2024-12-08T06:00:00.000Z;2,64
2024-12-08T12:00:00.000Z;2,70
2024-12-08T18:00:00.000Z;2,74
2024-12-09T00:00:00.000Z;2,77
2024-12-09T06:00:00.000Z;2,80
2024-12-09T12:00:00.000Z;2,82
2024-12-09T18:00:00.000Z;2,85
2024-12-10T00:00:00.000Z;2,90
2024-12-10T06:00:00.000Z;2,93
2024-12-10T12:00:00.000Z;2,99
2024-12-10T18:00:00.000Z;3,05
2024-12-11T00:00:00.000Z;3,15
2024-12-11T06:00:00.000Z;3,23
2024-12-11T12:00:00.000Z;3,31
2024-12-11T18:00:00.000Z;3,40
2024-12-12T00:00:00.000Z;3,48
2024-12-12T06:00:00.000Z;3,56
2024-12-12T12:00:00.000Z;3,62
2024-12-12T18:00:00.000Z;3,69
2024-12-13T00:00:00.000Z;3,75
2024-12-13T06:00:00.000Z;3,80
2024-12-13T12:00:00.000Z;3,92
2024-12-13T18:00:00.000Z;3,96
2024-12-14T00:00:00.000Z;4,03
2024-12-14T06:00:00.000Z;4,09
2024-12-14T12:00:00.000Z;4,15
2024-12-14T18:00:00.000Z;4,20
2024-12-15T00:00:00.000Z;4,25
2024-12-15T06:00:00.000Z;4,29
2024-12-15T12:00:00.000Z;4,31
2024-12-15T18:00:00.000Z;4,33
2024-12-16T00:00:00.000Z;4,34
2024-12-16T06:00:00.000Z;4,35
2024-12-16T12:00:00.000Z;4,34
2024-12-16T18:00:00.000Z;4,32
2024-12-17T00:00:00.000Z;4,30
2024-12-17T06:00:00.000Z;4,26
2024-12-17T12:00:00.000Z;4,22
2024-12-17T18:00:00.000Z;4,17
2024-12-18T00:00:00.000Z;4,13
2024-12-18T06:00:00.000Z;4,08
2024-12-18T12:00:00.000Z;4,03
2024-12-18T18:00:00.000Z;3,99
2024-12-19T00:00:00.000Z;3,96
2024-12-19T06:00:00.000Z;3,92
2024-12-19T12:00:00.000Z;3,90
2024-12-19T18:00:00.000Z;3,87
2024-12-20T00:00:00.000Z;3,85
2024-12-20T06:00:00.000Z;3,83
2024-12-20T12:00:00.000Z;3,80
2024-12-20T18:00:00.000Z;3,78
2024-12-21T00:00:00.000Z;3,77
2024-12-21T06:00:00.000Z;3,75
2024-12-21T12:00:00.000Z;3,72
2024-12-21T18:00:00.000Z;3,70
2024-12-22T00:00:00.000Z;3,68
2024-12-22T06:00:00.000Z;3,65
2024-12-22T12:00:00.000Z;3,60
2024-12-22T18:00:00.000Z;3,54
2024-12-23T00:00:00.000Z;3,50
2024-12-23T06:00:00.000Z;3,46
2024-12-23T12:00:00.000Z;3,40
2024-12-23T18:00:00.000Z;3,35
2024-12-24T00:00:00.000Z;3,31
2024-12-24T06:00:00.000Z;3,25
2024-12-24T12:00:00.000Z;3,20
2024-12-24T18:00:00.000Z;3,17
2024-12-25T00:00:00.000Z;3,15
2024-12-25T06:00:00.000Z;3,15
2024-12-25T12:00:00.000Z;3,15
2024-12-25T18:00:00.000Z;3,14
2024-12-26T00:00:00.000Z;3,15
2024-12-26T06:00:00.000Z;3,15
2024-12-26T12:00:00.000Z;3,12
2024-12-26T18:00:00.000Z;3,07
2024-12-27T00:00:00.000Z;3,02
2024-12-27T06:00:00.000Z;2,98
2024-12-27T12:00:00.000Z;2,94
2024-12-27T18:00:00.000Z;2,91
2024-12-28T00:00:00.000Z;2,91
2024-12-28T06:00:00.000Z;2,91
2024-12-28T12:00:00.000Z;2,90
2024-12-28T18:00:00.000Z;2,90
2024-12-29T00:00:00.000Z;2,92
2024-12-29T06:00:00.000Z;2,92
2024-12-29T12:00:00.000Z;2,90
2024-12-29T18:00:00.000Z;2,87
2024-12-30T00:00:00.000Z;2,85
2024-12-30T06:00:00.000Z;2,82
2024-12-30T12:00:00.000Z;2,76
2024-12-30T18:00:00.000Z;2,69
2024-12-31T00:00:00.000Z;2,62
2024-12-31T06:00:00.000Z;2,55
2024-12-31T12:00:00.000Z;2,49
2024-12-31T18:00:00.000Z;2,45
2025-01-01T00:00:00.000Z;2,45
2025-01-01T06:00:00.000Z;2,46
2025-01-01T12:00:00.000Z;2,46
2025-01-01T18:00:00.000Z;2,47
2025-01-02T00:00:00.000Z;2,49
2025-01-02T06:00:00.000Z;2,51
2025-01-02T12:00:00.000Z;2,49
2025-01-02T18:00:00.000Z;2,46
2025-01-03T00:00:00.000Z;2,41
2025-01-03T06:00:00.000Z;2,34
2025-01-03T12:00:00.000Z;2,27
2025-01-03T18:00:00.000Z;2,21
2025-01-04T00:00:00.000Z;2,17
2025-01-04T06:00:00.000Z;2,15
2025-01-04T12:00:00.000Z;2,13
2025-01-04T18:00:00.000Z;2,10
2025-01-05T00:00:00.000Z;2,10
2025-01-05T06:00:00.000Z;2,10
2025-01-05T12:00:00.000Z;2,08
2025-01-05T18:00:00.000Z;2,04
2025-01-06T00:00:00.000Z;2,01
2025-01-06T06:00:00.000Z;1,96
2025-01-06T12:00:00.000Z;1,89
2025-01-06T18:00:00.000Z;1,82
2025-01-07T00:00:00.000Z;1,76
2025-01-07T06:00:00.000Z;1,70
2025-01-07T12:00:00.000Z;1,64
2025-01-07T18:00:00.000Z;1,60
2025-01-08T00:00:00.000Z;1,60
2025-01-08T06:00:00.000Z;1,61
2025-01-08T12:00:00.000Z;1,62
2025-01-08T18:00:00.000Z;1,63
2025-01-09T00:00:00.000Z;1,65
2025-01-09T06:00:00.000Z;1,66
2025-01-09T12:00:00.000Z;1,67
2025-01-09T18:00:00.000Z;1,69
2025-01-10T00:00:00.000Z;1,72
2025-01-10T06:00:00.000Z;1,73
2025-01-10T12:00:00.000Z;1,71
2025-01-10T18:00:00.000Z;1,70
2025-01-11T00:00:00.000Z;1,70
2025-01-11T06:00:00.000Z;1,73
2025-01-11T12:00:00.000Z;1,74
2025-01-11T18:00:00.000Z;1,76
2025-01-12T00:00:00.000Z;1,81
2025-01-12T06:00:00.000Z;1,84
2025-01-12T12:00:00.000Z;1,85
2025-01-12T18:00:00.000Z;1,83
2025-01-13T00:00:00.000Z;1,83
2025-01-13T06:00:00.000Z;1,81
2025-01-13T12:00:00.000Z;1,78
2025-01-13T18:00:00.000Z;1,74
2025-01-14T00:00:00.000Z;1,71
2025-01-14T06:00:00.000Z;1,66
2025-01-14T12:00:00.000Z;1,60
2025-01-14T18:00:00.000Z;1,56
2025-01-15T00:00:00.000Z;1,56
2025-01-15T06:00:00.000Z;1,59
2025-01-15T12:00:00.000Z;1,61
2025-01-15T18:00:00.000Z;1,65
2025-01-16T00:00:00.000Z;1,69
2025-01-16T06:00:00.000Z;1,74
2025-01-16T12:00:00.000Z;1,75
2025-01-16T18:00:00.000Z;1,78
2025-01-17T00:00:00.000Z;1,83
2025-01-17T06:00:00.000Z;1,88
2025-01-17T12:00:00.000Z;1,91
2025-01-17T18:00:00.000Z;1,93
2025-01-18T00:00:00.000Z;1,96
2025-01-18T06:00:00.000Z;1,99
2025-01-18T12:00:00.000Z;2,01
2025-01-18T18:00:00.000Z;2,03
2025-01-19T00:00:00.000Z;2,07
2025-01-19T06:00:00.000Z;2,11
2025-01-19T12:00:00.000Z;2,11
2025-01-19T18:00:00.000Z;2,12
2025-01-20T00:00:00.000Z;2,06
2025-01-20T06:00:00.000Z;2,01
2025-01-20T12:00:00.000Z;1,94
2025-01-20T18:00:00.000Z;1,86
2025-01-21T00:00:00.000Z;1,78
2025-01-21T06:00:00.000Z;1,70
2025-01-21T12:00:00.000Z;1,60
2025-01-21T18:00:00.000Z;1,53
2025-01-22T00:00:00.000Z;1,51
2025-01-22T06:00:00.000Z;1,53
2025-01-22T12:00:00.000Z;1,56
2025-01-22T18:00:00.000Z;1,61
2025-01-23T00:00:00.000Z;1,70
2025-01-23T06:00:00.000Z;1,77
2025-01-23T12:00:00.000Z;1,85
2025-01-23T18:00:00.000Z;1,92
2025-01-24T00:00:00.000Z;2,00
2025-01-24T06:00:00.000Z;2,07
2025-01-24T12:00:00.000Z;2,13
2025-01-24T18:00:00.000Z;2,19
2025-01-25T00:00:00.000Z;2,26
2025-01-25T06:00:00.000Z;2,29
2025-01-25T12:00:00.000Z;2,32
2025-01-25T18:00:00.000Z;2,33
2025-01-26T00:00:00.000Z;2,34
2025-01-26T06:00:00.000Z;2,34
2025-01-26T12:00:00.000Z;2,32
2025-01-26T18:00:00.000Z;2,28
2025-01-27T00:00:00.000Z;2,26
2025-01-27T06:00:00.000Z;2,23
2025-01-27T12:00:00.000Z;2,20
2025-01-27T18:00:00.000Z;2,19
2025-01-28T00:00:00.000Z;2,18
2025-01-28T06:00:00.000Z;2,17
2025-01-28T12:00:00.000Z;2,17
2025-01-28T18:00:00.000Z;2,21
2025-01-29T00:00:00.000Z;2,26
2025-01-29T06:00:00.000Z;2,32
2025-01-29T12:00:00.000Z;2,36
2025-01-29T18:00:00.000Z;2,39
2025-01-30T00:00:00.000Z;2,47
2025-01-30T06:00:00.000Z;2,49
2025-01-30T12:00:00.000Z;2,49
2025-01-30T18:00:00.000Z;2,49
2025-01-31T00:00:00.000Z;2,50
2025-01-31T06:00:00.000Z;2,50
2025-01-31T12:00:00.000Z;2,48
2025-01-31T18:00:00.000Z;2,47
2025-02-01T00:00:00.000Z;2,49
2025-02-01T06:00:00.000Z;2,49
2025-02-01T12:00:00.000Z;2,48
2025-02-01T18:00:00.000Z;2,47
2025-02-02T00:00:00.000Z;2,48
2025-02-02T06:00:00.000Z;2,48
2025-02-02T12:00:00.000Z;2,47
2025-02-02T18:00:00.000Z;2,45
2025-02-03T00:00:00.000Z;2,42
2025-02-03T06:00:00.000Z;2,36
2025-02-03T12:00:00.000Z;2,29
2025-02-03T18:00:00.000Z;2,21
2025-02-04T00:00:00.000Z;2,16
2025-02-04T06:00:00.000Z;2,13
2025-02-04T12:00:00.000Z;2,11
2025-02-04T18:00:00.000Z;2,12
2025-02-05T00:00:00.000Z;2,16
2025-02-05T06:00:00.000Z;2,20
2025-02-05T12:00:00.000Z;2,25
2025-02-05T18:00:00.000Z;2,27
2025-02-06T00:00:00.000Z;2,31
2025-02-06T06:00:00.000Z;2,31
2025-02-06T12:00:00.000Z;2,30
2025-02-06T18:00:00.000Z;2,28
2025-02-07T00:00:00.000Z;2,27
2025-02-07T06:00:00.000Z;2,24
2025-02-07T12:00:00.000Z;2,22
2025-02-07T18:00:00.000Z;2,21
2025-02-08T00:00:00.000Z;2,19
2025-02-08T06:00:00.000Z;2,18
2025-02-08T12:00:00.000Z;2,18
2025-02-08T18:00:00.000Z;2,19
2025-02-09T00:00:00.000Z;2,21
2025-02-09T06:00:00.000Z;2,21
2025-02-09T12:00:00.000Z;2,21
2025-02-09T18:00:00.000Z;2,19
2025-02-10T00:00:00.000Z;2,20
2025-02-10T06:00:00.000Z;2,18
2025-02-10T12:00:00.000Z;2,15
2025-02-10T18:00:00.000Z;2,11
2025-02-11T00:00:00.000Z;2,08
2025-02-11T06:00:00.000Z;2,03
2025-02-11T12:00:00.000Z;1,96
2025-02-11T18:00:00.000Z;1,91
2025-02-12T00:00:00.000Z;1,91
2025-02-12T06:00:00.000Z;1,92
2025-02-12T12:00:00.000Z;1,93
2025-02-12T18:00:00.000Z;1,95
2025-02-13T00:00:00.000Z;1,99
2025-02-13T06:00:00.000Z;2,02
2025-02-13T12:00:00.000Z;2,03
2025-02-13T18:00:00.000Z;2,05
2025-02-14T00:00:00.000Z;2,06
2025-02-14T06:00:00.000Z;2,08
2025-02-14T12:00:00.000Z;2,09
2025-02-14T18:00:00.000Z;2,08
2025-02-15T00:00:00.000Z;2,09
2025-02-15T06:00:00.000Z;2,08
2025-02-15T12:00:00.000Z;2,07
2025-02-15T18:00:00.000Z;2,05
2025-02-16T00:00:00.000Z;2,06
2025-02-16T06:00:00.000Z;2,06
2025-02-16T12:00:00.000Z;2,06
2025-02-16T18:00:00.000Z;2,03
2025-02-17T00:00:00.000Z;2,04
2025-02-17T06:00:00.000Z;2,04
2025-02-17T12:00:00.000Z;2,02
2025-02-17T18:00:00.000Z;2,02
2025-02-18T00:00:00.000Z;1,98
2025-02-18T06:00:00.000Z;1,96
2025-02-18T12:00:00.000Z;1,93
2025-02-18T18:00:00.000Z;1,91
2025-02-19T00:00:00.000Z;1,92
2025-02-19T06:00:00.000Z;1,93
2025-02-19T12:00:00.000Z;1,92
2025-02-19T18:00:00.000Z;1,92
2025-02-20T00:00:00.000Z;1,91
2025-02-20T06:00:00.000Z;1,90
2025-02-20T12:00:00.000Z;1,86
2025-02-20T18:00:00.000Z;1,83
2025-02-21T00:00:00.000Z;1,81
2025-02-21T06:00:00.000Z;1,81
2025-02-21T12:00:00.000Z;1,81
2025-02-21T18:00:00.000Z;1,81
2025-02-22T00:00:00.000Z;1,84
2025-02-22T06:00:00.000Z;1,87
2025-02-22T12:00:00.000Z;1,89
2025-02-22T18:00:00.000Z;1,91
2025-02-23T00:00:00.000Z;1,96
2025-02-23T06:00:00.000Z;1,99
2025-02-23T12:00:00.000Z;2,00
2025-02-23T18:00:00.000Z;2,01
2025-02-24T00:00:00.000Z;2,00
2025-02-24T06:00:00.000Z;1,98
2025-02-24T12:00:00.000Z;1,94
2025-02-24T18:00:00.000Z;1,89
2025-02-25T00:00:00.000Z;1,87
2025-02-25T06:00:00.000Z;1,85
2025-02-25T12:00:00.000Z;1,84
2025-02-25T18:00:00.000Z;1,82
2025-02-26T00:00:00.000Z;1,83
2025-02-26T06:00:00.000Z;1,84
2025-02-26T12:00:00.000Z;1,84
2025-02-26T18:00:00.000Z;1,85
2025-02-27T00:00:00.000Z;1,91
2025-02-27T06:00:00.000Z;1,92
2025-02-27T12:00:00.000Z;1,94
2025-02-27T18:00:00.000Z;1,95
2025-02-28T00:00:00.000Z;1,96
2025-02-28T06:00:00.000Z;1,94
2025-02-28T12:00:00.000Z;1,92
2025-02-28T18:00:00.000Z;1,90
2025-03-01T00:00:00.000Z;1,90
2025-03-01T06:00:00.000Z;1,89
2025-03-01T12:00:00.000Z;1,88
2025-03-01T18:00:00.000Z;1,86
2025-03-02T00:00:00.000Z;1,88
2025-03-02T06:00:00.000Z;1,88
2025-03-02T12:00:00.000Z;1,88
2025-03-02T18:00:00.000Z;1,86
2025-03-03T00:00:00.000Z;1,88
2025-03-03T06:00:00.000Z;1,88
2025-03-03T12:00:00.000Z;1,88
2025-03-03T18:00:00.000Z;1,84
2025-03-04T00:00:00.000Z;1,79
2025-03-04T06:00:00.000Z;1,72
2025-03-04T12:00:00.000Z;1,64
2025-03-04T18:00:00.000Z;1,57
2025-03-05T00:00:00.000Z;1,51
2025-03-05T06:00:00.000Z;1,46
2025-03-05T12:00:00.000Z;1,42
2025-03-05T18:00:00.000Z;1,40
2025-03-06T00:00:00.000Z;1,43
2025-03-06T06:00:00.000Z;1,48
2025-03-06T12:00:00.000Z;1,56
2025-03-06T18:00:00.000Z;1,64
2025-03-07T00:00:00.000Z;1,74
2025-03-07T06:00:00.000Z;1,81
2025-03-07T12:00:00.000Z;1,85
2025-03-07T18:00:00.000Z;1,86
2025-03-08T00:00:00.000Z;1,92
2025-03-08T06:00:00.000Z;1,94
2025-03-08T12:00:00.000Z;1,95
2025-03-08T18:00:00.000Z;1,96
2025-03-09T00:00:00.000Z;1,98
2025-03-09T06:00:00.000Z;1,99
2025-03-09T12:00:00.000Z;1,99
2025-03-09T18:00:00.000Z;1,98
2025-03-10T00:00:00.000Z;1,96
2025-03-10T06:00:00.000Z;1,94
2025-03-10T12:00:00.000Z;1,89
2025-03-10T18:00:00.000Z;1,82
2025-03-11T00:00:00.000Z;1,75
2025-03-11T06:00:00.000Z;1,64
2025-03-11T12:00:00.000Z;1,54
2025-03-11T18:00:00.000Z;1,45
2025-03-12T00:00:00.000Z;1,40
2025-03-12T06:00:00.000Z;1,37
2025-03-12T12:00:00.000Z;1,35
2025-03-12T18:00:00.000Z;1,36
2025-03-13T00:00:00.000Z;1,39
2025-03-13T06:00:00.000Z;1,41
2025-03-13T12:00:00.000Z;1,41
2025-03-13T18:00:00.000Z;1,41
2025-03-14T00:00:00.000Z;1,40
2025-03-14T06:00:00.000Z;1,41
2025-03-14T12:00:00.000Z;1,39
2025-03-14T18:00:00.000Z;1,38
2025-03-15T00:00:00.000Z;1,38
2025-03-15T06:00:00.000Z;1,38
2025-03-15T12:00:00.000Z;1,37
2025-03-15T18:00:00.000Z;1,36
2025-03-16T00:00:00.000Z;1,36
2025-03-16T06:00:00.000Z;1,35
2025-03-16T12:00:00.000Z;1,33
2025-03-16T18:00:00.000Z;1,31
2025-03-17T00:00:00.000Z;1,29
2025-03-17T06:00:00.000Z;1,27
2025-03-17T12:00:00.000Z;1,24
2025-03-17T18:00:00.000Z;1,19
2025-03-18T00:00:00.000Z;1,17
2025-03-18T06:00:00.000Z;1,13
2025-03-18T12:00:00.000Z;1,10
2025-03-18T18:00:00.000Z;1,08
2025-03-19T00:00:00.000Z;1,09
2025-03-19T06:00:00.000Z;1,09
2025-03-19T12:00:00.000Z;1,11
2025-03-19T18:00:00.000Z;1,13
2025-03-20T00:00:00.000Z;1,16
2025-03-20T06:00:00.000Z;1,20
2025-03-20T12:00:00.000Z;1,23
2025-03-20T18:00:00.000Z;1,28
2025-03-21T00:00:00.000Z;1,36
2025-03-21T06:00:00.000Z;1,43
2025-03-21T12:00:00.000Z;1,48
2025-03-21T18:00:00.000Z;1,55
2025-03-22T00:00:00.000Z;1,62
2025-03-22T06:00:00.000Z;1,67
2025-03-22T12:00:00.000Z;1,71
2025-03-22T18:00:00.000Z;1,74
2025-03-23T00:00:00.000Z;1,79
2025-03-23T06:00:00.000Z;1,81
2025-03-23T12:00:00.000Z;1,82
2025-03-23T18:00:00.000Z;1,81
2025-03-24T00:00:00.000Z;1,77
2025-03-24T06:00:00.000Z;1,73
2025-03-24T12:00:00.000Z;1,68
2025-03-24T18:00:00.000Z;1,62
2025-03-25T00:00:00.000Z;1,56
2025-03-25T06:00:00.000Z;1,50
2025-03-25T12:00:00.000Z;1,47
2025-03-25T18:00:00.000Z;1,43
2025-03-26T00:00:00.000Z;1,44
2025-03-26T06:00:00.000Z;1,41
2025-03-26T12:00:00.000Z;1,41
2025-03-26T18:00:00.000Z;1,42
2025-03-27T00:00:00.000Z;1,42
2025-03-27T06:00:00.000Z;1,42
2025-03-27T12:00:00.000Z;1,45
2025-03-27T18:00:00.000Z;1,48
2025-03-28T00:00:00.000Z;1,56
2025-03-28T06:00:00.000Z;1,64
2025-03-28T12:00:00.000Z;1,71
2025-03-28T18:00:00.000Z;1,78
2025-03-29T00:00:00.000Z;1,84
2025-03-29T06:00:00.000Z;1,89
2025-03-29T12:00:00.000Z;1,93
2025-03-29T18:00:00.000Z;1,97
2025-03-30T00:00:00.000Z;2,00
2025-03-30T06:00:00.000Z;2,02
2025-03-30T12:00:00.000Z;2,03
2025-03-30T18:00:00.000Z;2,04
2025-03-31T00:00:00.000Z;2,05
2025-03-31T06:00:00.000Z;2,05
2025-03-31T12:00:00.000Z;2,02
2025-03-31T18:00:00.000Z;2,01
2025-04-01T00:00:00.000Z;1,96
2025-04-01T06:00:00.000Z;1,90
2025-04-01T12:00:00.000Z;1,83
2025-04-01T18:00:00.000Z;1,78
2025-04-02T00:00:00.000Z;1,75
2025-04-02T06:00:00.000Z;1,73
2025-04-02T12:00:00.000Z;1,74
2025-04-02T18:00:00.000Z;1,76
2025-04-03T00:00:00.000Z;1,78
2025-04-03T06:00:00.000Z;1,82
2025-04-03T12:00:00.000Z;1,84
2025-04-03T18:00:00.000Z;1,84
2025-04-04T00:00:00.000Z;1,84
2025-04-04T06:00:00.000Z;1,85
2025-04-04T12:00:00.000Z;1,87
2025-04-04T18:00:00.000Z;1,88
2025-04-05T00:00:00.000Z;1,91
2025-04-05T06:00:00.000Z;1,95
2025-04-05T12:00:00.000Z;1,98
2025-04-05T18:00:00.000Z;2,02
2025-04-06T00:00:00.000Z;2,05
2025-04-06T06:00:00.000Z;2,07
2025-04-06T12:00:00.000Z;2,06
2025-04-06T18:00:00.000Z;2,04
2025-04-07T00:00:00.000Z;2,02
2025-04-07T06:00:00.000Z;1,97
2025-04-07T12:00:00.000Z;1,92
2025-04-07T18:00:00.000Z;1,86
2025-04-08T00:00:00.000Z;1,81
2025-04-08T06:00:00.000Z;1,75
2025-04-08T12:00:00.000Z;1,69
2025-04-08T18:00:00.000Z;1,63
2025-04-09T00:00:00.000Z;1,58
2025-04-09T06:00:00.000Z;1,57
2025-04-09T12:00:00.000Z;1,54
2025-04-09T18:00:00.000Z;1,50
2025-04-10T00:00:00.000Z;1,49
2025-04-10T06:00:00.000Z;1,49
2025-04-10T12:00:00.000Z;1,49
2025-04-10T18:00:00.000Z;1,52
2025-04-11T00:00:00.000Z;1,54
2025-04-11T06:00:00.000Z;1,57
2025-04-11T12:00:00.000Z;1,65
2025-04-11T18:00:00.000Z;1,68
2025-04-12T00:00:00.000Z;1,72
2025-04-12T06:00:00.000Z;1,74
2025-04-12T12:00:00.000Z;1,75
2025-04-12T18:00:00.000Z;1,77
2025-04-13T00:00:00.000Z;1,76
2025-04-13T06:00:00.000Z;1,72
2025-04-13T12:00:00.000Z;1,69
2025-04-13T18:00:00.000Z;1,65
2025-04-14T00:00:00.000Z;1,59
2025-04-14T06:00:00.000Z;1,54
2025-04-14T12:00:00.000Z;1,49
2025-04-14T18:00:00.000Z;1,45
2025-04-15T00:00:00.000Z;1,42
2025-04-15T06:00:00.000Z;1,37
2025-04-15T12:00:00.000Z;1,36
2025-04-15T18:00:00.000Z;1,36
2025-04-16T00:00:00.000Z;1,37
2025-04-16T06:00:00.000Z;1,39
2025-04-16T12:00:00.000Z;1,41
2025-04-16T18:00:00.000Z;1,46
2025-04-17T00:00:00.000Z;1,53
2025-04-17T06:00:00.000Z;1,60
2025-04-17T12:00:00.000Z;1,69
2025-04-17T18:00:00.000Z;1,76
2025-04-18T00:00:00.000Z;1,85
2025-04-18T06:00:00.000Z;1,90
2025-04-18T12:00:00.000Z;1,93
2025-04-18T18:00:00.000Z;1,93
2025-04-19T00:00:00.000Z;1,91
2025-04-19T06:00:00.000Z;1,87
2025-04-19T12:00:00.000Z;1,81
2025-04-19T18:00:00.000Z;1,75
2025-04-20T00:00:00.000Z;1,70
2025-04-20T06:00:00.000Z;1,66
2025-04-20T12:00:00.000Z;1,60
2025-04-20T18:00:00.000Z;1,56
2025-04-21T00:00:00.000Z;1,55
2025-04-21T06:00:00.000Z;1,50
2025-04-21T12:00:00.000Z;1,48
2025-04-21T18:00:00.000Z;1,46
2025-04-22T00:00:00.000Z;1,45
2025-04-22T06:00:00.000Z;1,43
2025-04-22T12:00:00.000Z;1,40
2025-04-22T18:00:00.000Z;1,39
2025-04-23T00:00:00.000Z;1,37
2025-04-23T06:00:00.000Z;1,34
2025-04-23T12:00:00.000Z;1,30
2025-04-23T18:00:00.000Z;1,29
2025-04-24T00:00:00.000Z;1,27
2025-04-24T06:00:00.000Z;1,27
2025-04-24T12:00:00.000Z;1,26
2025-04-24T18:00:00.000Z;1,28
2025-04-25T00:00:00.000Z;1,30
2025-04-25T06:00:00.000Z;1,32
2025-04-25T12:00:00.000Z;1,35
2025-04-25T18:00:00.000Z;1,41
2025-04-26T00:00:00.000Z;1,45
2025-04-26T06:00:00.000Z;1,52
2025-04-26T12:00:00.000Z;1,58
2025-04-26T18:00:00.000Z;1,65
2025-04-27T00:00:00.000Z;1,74
2025-04-27T06:00:00.000Z;1,80
2025-04-27T12:00:00.000Z;1,85
2025-04-27T18:00:00.000Z;1,88
2025-04-28T00:00:00.000Z;1,89
2025-04-28T06:00:00.000Z;1,88
2025-04-28T12:00:00.000Z;1,89
2025-04-28T18:00:00.000Z;1,88
2025-04-29T00:00:00.000Z;1,86
2025-04-29T06:00:00.000Z;1,84
2025-04-29T12:00:00.000Z;1,82
2025-04-29T18:00:00.000Z;1,79
2025-04-30T00:00:00.000Z;1,78
2025-04-30T06:00:00.000Z;1,80
2025-04-30T12:00:00.000Z;1,84
2025-04-30T18:00:00.000Z;1,89
2025-05-01T00:00:00.000Z;1,97
2025-05-01T06:00:00.000Z;2,03
2025-05-01T12:00:00.000Z;2,09
2025-05-01T18:00:00.000Z;2,15
2025-05-02T00:00:00.000Z;2,20
2025-05-02T06:00:00.000Z;2,22
2025-05-02T12:00:00.000Z;2,25
2025-05-02T18:00:00.000Z;2,23
2025-05-03T00:00:00.000Z;2,18
2025-05-03T06:00:00.000Z;2,15
2025-05-03T12:00:00.000Z;2,12
2025-05-03T18:00:00.000Z;2,08
2025-05-04T00:00:00.000Z;2,05
2025-05-04T06:00:00.000Z;2,02
2025-05-04T12:00:00.000Z;2,00
2025-05-04T18:00:00.000Z;1,96
2025-05-05T00:00:00.000Z;1,94
2025-05-05T06:00:00.000Z;1,93
2025-05-05T12:00:00.000Z;1,93
2025-05-05T18:00:00.000Z;1,92
2025-05-06T00:00:00.000Z;1,91
2025-05-06T06:00:00.000Z;1,90
2025-05-06T12:00:00.000Z;1,91
2025-05-06T18:00:00.000Z;1,93
2025-05-07T00:00:00.000Z;1,94
2025-05-07T06:00:00.000Z;1,96
2025-05-07T12:00:00.000Z;1,98
2025-05-07T18:00:00.000Z;1,99
2025-05-08T00:00:00.000Z;2,02
2025-05-08T06:00:00.000Z;2,05
2025-05-08T12:00:00.000Z;2,08
2025-05-08T18:00:00.000Z;2,14
2025-05-09T00:00:00.000Z;2,20
2025-05-09T06:00:00.000Z;2,28
2025-05-09T12:00:00.000Z;2,42
2025-05-09T18:00:00.000Z;2,50
2025-05-10T00:00:00.000Z;2,58
2025-05-10T06:00:00.000Z;2,64
2025-05-10T12:00:00.000Z;2,68
2025-05-10T18:00:00.000Z;2,72
2025-05-11T00:00:00.000Z;2,75
2025-05-11T06:00:00.000Z;2,77
2025-05-11T12:00:00.000Z;2,77
2025-05-11T18:00:00.000Z;2,76
2025-05-12T00:00:00.000Z;2,73
2025-05-12T06:00:00.000Z;2,72
2025-05-12T12:00:00.000Z;2,72
2025-05-12T18:00:00.000Z;2,69
2025-05-13T00:00:00.000Z;2,66
2025-05-13T06:00:00.000Z;2,62
2025-05-13T12:00:00.000Z;2,59
2025-05-13T18:00:00.000Z;2,57
2025-05-14T00:00:00.000Z;2,57
2025-05-14T06:00:00.000Z;2,56
2025-05-14T12:00:00.000Z;2,57
2025-05-14T18:00:00.000Z;2,58
2025-05-15T00:00:00.000Z;2,59
2025-05-15T06:00:00.000Z;2,60
2025-05-15T12:00:00.000Z;2,60
2025-05-15T18:00:00.000Z;2,61
2025-05-16T00:00:00.000Z;2,63
2025-05-16T06:00:00.000Z;2,64
2025-05-16T12:00:00.000Z;2,65
2025-05-16T18:00:00.000Z;2,67
2025-05-17T00:00:00.000Z;2,69
2025-05-17T06:00:00.000Z;2,70
2025-05-17T12:00:00.000Z;2,71
2025-05-17T18:00:00.000Z;2,71
2025-05-18T00:00:00.000Z;2,72
2025-05-18T06:00:00.000Z;2,71
2025-05-18T12:00:00.000Z;2,69
2025-05-18T18:00:00.000Z;2,72
2025-05-19T00:00:00.000Z;2,68
2025-05-19T06:00:00.000Z;2,67
2025-05-19T12:00:00.000Z;2,65
2025-05-19T18:00:00.000Z;2,63
2025-05-20T00:00:00.000Z;2,59
2025-05-20T06:00:00.000Z;2,56
2025-05-20T12:00:00.000Z;2,54
2025-05-20T18:00:00.000Z;2,50
2025-05-21T00:00:00.000Z;2,48
2025-05-21T06:00:00.000Z;2,47
2025-05-21T12:00:00.000Z;2,48
2025-05-21T18:00:00.000Z;2,49
2025-05-22T00:00:00.000Z;2,49
2025-05-22T06:00:00.000Z;2,52
2025-05-22T12:00:00.000Z;2,54
2025-05-22T18:00:00.000Z;2,60
2025-05-23T00:00:00.000Z;2,64
2025-05-23T06:00:00.000Z;2,69
2025-05-23T12:00:00.000Z;2,73
2025-05-23T18:00:00.000Z;2,77
2025-05-24T00:00:00.000Z;2,81
2025-05-24T06:00:00.000Z;2,84
2025-05-24T12:00:00.000Z;2,86
2025-05-24T18:00:00.000Z;2,88
2025-05-25T00:00:00.000Z;2,88
2025-05-25T06:00:00.000Z;2,89
2025-05-25T12:00:00.000Z;2,87
2025-05-25T18:00:00.000Z;2,85
2025-05-26T00:00:00.000Z;2,84
2025-05-26T06:00:00.000Z;2,81
2025-05-26T12:00:00.000Z;2,77
2025-05-26T18:00:00.000Z;2,73
2025-05-27T00:00:00.000Z;2,69
2025-05-27T06:00:00.000Z;2,67
2025-05-27T12:00:00.000Z;2,64
2025-05-27T18:00:00.000Z;2,64
2025-05-28T00:00:00.000Z;2,61
2025-05-28T06:00:00.000Z;2,61
2025-05-28T12:00:00.000Z;2,62
2025-05-28T18:00:00.000Z;2,63
2025-05-29T00:00:00.000Z;2,65
2025-05-29T06:00:00.000Z;2,68
2025-05-29T12:00:00.000Z;2,72
2025-05-29T18:00:00.000Z;2,75
2025-05-30T00:00:00.000Z;2,78
2025-05-30T06:00:00.000Z;2,82
2025-05-30T12:00:00.000Z;2,87
2025-05-30T18:00:00.000Z;2,90
2025-05-31T00:00:00.000Z;2,94
2025-05-31T06:00:00.000Z;2,96
2025-05-31T12:00:00.000Z;2,98
2025-05-31T18:00:00.000Z;2,98
2025-06-01T00:00:00.000Z;2,99
2025-06-01T06:00:00.000Z;3,01
2025-06-01T12:00:00.000Z;3,01
2025-06-01T18:00:00.000Z;3,00
2025-06-02T00:00:00.000Z;2,99
2025-06-02T06:00:00.000Z;2,97
2025-06-02T12:00:00.000Z;2,95
2025-06-02T18:00:00.000Z;2,92
2025-06-03T00:00:00.000Z;2,89
2025-06-03T06:00:00.000Z;2,84
2025-06-03T12:00:00.000Z;2,81
2025-06-03T18:00:00.000Z;2,78
2025-06-04T00:00:00.000Z;2,75
2025-06-04T06:00:00.000Z;2,74
2025-06-04T12:00:00.000Z;2,76
2025-06-04T18:00:00.000Z;2,79
2025-06-05T00:00:00.000Z;2,83
2025-06-05T06:00:00.000Z;2,88
2025-06-05T12:00:00.000Z;2,89
2025-06-05T18:00:00.000Z;2,90
2025-06-06T00:00:00.000Z;2,90
2025-06-06T06:00:00.000Z;2,89
2025-06-06T12:00:00.000Z;2,88
2025-06-06T18:00:00.000Z;2,88
2025-06-07T00:00:00.000Z;2,87
2025-06-07T06:00:00.000Z;2,87
2025-06-07T12:00:00.000Z;2,88
2025-06-07T18:00:00.000Z;2,91
2025-06-08T00:00:00.000Z;2,93
2025-06-08T06:00:00.000Z;2,96
2025-06-08T12:00:00.000Z;2,96
2025-06-08T18:00:00.000Z;2,96
2025-06-09T00:00:00.000Z;2,94
2025-06-09T06:00:00.000Z;2,92
2025-06-09T12:00:00.000Z;2,89
2025-06-09T18:00:00.000Z;2,87
2025-06-10T00:00:00.000Z;2,83
2025-06-10T06:00:00.000Z;2,81
2025-06-10T12:00:00.000Z;2,77
2025-06-10T18:00:00.000Z;2,75
2025-06-11T00:00:00.000Z;2,76
2025-06-11T06:00:00.000Z;2,77
2025-06-11T12:00:00.000Z;2,81
2025-06-11T18:00:00.000Z;2,86
2025-06-12T00:00:00.000Z;2,90
2025-06-12T06:00:00.000Z;2,93
2025-06-12T12:00:00.000Z;2,97
2025-06-12T18:00:00.000Z;2,99